{
  "2.5x2.5": {
    "serial": {
      "1": {
        "detection": 9.5749,
        "linking": 0.9829,
        "export": 0.0,
        "total": 28.532698392868042,
        "wall": 28.532698392868042,
        "io_overhead": 17.97489839286804
      }
    },
    "dask": {
      "2": {
        "detection": 13.6881,
        "linking": 1.2716,
        "export": 0.0,
        "total": 24.6869158744812,
        "wall": 24.6869158744812,
        "io_overhead": 9.727215874481201
      },
      "4": {
        "detection": 9.9231,
        "linking": 1.1802,
        "export": 0.0,
        "total": 18.763098001480103,
        "wall": 18.763098001480103,
        "io_overhead": 7.659798001480103
      },
      "8": {
        "detection": 12.2598,
        "linking": 1.2042,
        "export": 0.0,
        "total": 23.38097357749939,
        "wall": 23.38097357749939,
        "io_overhead": 9.91697357749939
      }
    },
    "mpi": {
      "2": {
        "detection": 5.1677,
        "linking": 0.5961,
        "export": 0.0,
        "total": 11.613438367843628,
        "wall": 11.613438367843628,
        "io_overhead": 5.849638367843628
      },
      "4": {
        "detection": 3.6632,
        "linking": 0.4766,
        "export": 0.0,
        "total": 12.580675601959229,
        "wall": 12.580675601959229,
        "io_overhead": 8.44087560195923
      },
      "8": {
        "detection": 1.948,
        "linking": 0.38730000000000003,
        "export": 0.0,
        "total": 11.030757188796997,
        "wall": 11.030757188796997,
        "io_overhead": 8.695457188796997
      }
    }
  },
  "0.25x0.25": {
    "serial": {
      "1": {
        "detection": 158.942,
        "linking": 94.9222,
        "export": 0.0,
        "total": 280.6458921432495,
        "wall": 280.6458921432495,
        "io_overhead": 26.7816921432495
      }
    },
    "dask": {
      "2": {
        "detection": 95.2995,
        "linking": 118.9234,
        "export": 0.0,
        "total": 236.71721148490906,
        "wall": 236.71721148490906,
        "io_overhead": 22.494311484909062
      },
      "4": {
        "detection": 50.9721,
        "linking": 117.1827,
        "export": 0.0,
        "total": 188.9029152393341,
        "wall": 188.9029152393341,
        "io_overhead": 20.748115239334098
      },
      "8": {
        "detection": 39.833,
        "linking": 117.4211,
        "export": 0.0,
        "total": 177.22987246513367,
        "wall": 177.22987246513367,
        "io_overhead": 19.975772465133673
      }
    },
    "mpi": {
      "2": {
        "detection": 85.6806,
        "linking": 56.249700000000004,
        "export": 0.0,
        "total": 154.97380828857422,
        "wall": 154.97380828857422,
        "io_overhead": 13.043508288574216
      },
      "4": {
        "detection": 51.1034,
        "linking": 35.8352,
        "export": 0.0,
        "total": 90.86190342903137,
        "wall": 90.86190342903137,
        "io_overhead": 3.923303429031371
      },
      "8": {
        "detection": 34.1832,
        "linking": 28.5009,
        "export": 0.0,
        "total": 67.63184547424316,
        "wall": 67.63184547424316,
        "io_overhead": 4.947745474243163
      }
    }
  }
}