{
  "2.5x2.5": {
    "serial": {
      "1": {
        "detection": 1.9178,
        "linking": 0.9534,
        "export": 0.368,
        "total": 3.3142,
        "wall": 9.86729121208191,
        "io_overhead": 0.07500000000000007
      }
    },
    "dask": {
      "2": {
        "detection": 5.981,
        "linking": 0.9867,
        "export": 0.3612,
        "total": 8.8589,
        "wall": 17.98574185371399,
        "io_overhead": 1.5300000000000005
      },
      "4": {
        "detection": 7.037000000000001,
        "linking": 0.975,
        "export": 0.3335,
        "total": 9.9975,
        "wall": 16.429812908172607,
        "io_overhead": 1.6519999999999997
      },
      "8": {
        "detection": 8.772400000000001,
        "linking": 0.9179,
        "export": 0.3418,
        "total": 11.879,
        "wall": 20.56270718574524,
        "io_overhead": 1.8468999999999984
      }
    },
    "mpi": {
      "2": {
        "detection": 1.3780000000000001,
        "linking": 0.9389,
        "export": 0.3582,
        "total": 2.7462,
        "wall": 8.039876699447632,
        "io_overhead": 0.07109999999999989
      },
      "4": {
        "detection": 1.7136,
        "linking": 1.0074,
        "export": 0.3734,
        "total": 3.1718,
        "wall": 12.591800451278687,
        "io_overhead": 0.07740000000000008
      },
      "8": {
        "detection": 1.9234,
        "linking": 1.1039,
        "export": 0.3604,
        "total": 3.4632,
        "wall": 11.677974462509155,
        "io_overhead": 0.07549999999999996
      }
    }
  },
  "0.25x0.25": {
    "serial": {
      "1": {
        "detection": 3.9338,
        "linking": 17.5124,
        "export": 1.6891,
        "total": 23.736,
        "wall": 32.38230228424072,
        "io_overhead": 0.6006999999999996
      }
    },
    "dask": {
      "2": {
        "detection": 8.1568,
        "linking": 16.9789,
        "export": 1.6918,
        "total": 28.8242,
        "wall": 37.11287784576416,
        "io_overhead": 1.9967000000000013
      },
      "4": {
        "detection": 8.3013,
        "linking": 17.8666,
        "export": 1.8367,
        "total": 30.0215,
        "wall": 38.582154273986816,
        "io_overhead": 2.0169
      },
      "8": {
        "detection": 11.964200000000002,
        "linking": 17.5796,
        "export": 1.8612,
        "total": 33.7624,
        "wall": 44.22723197937012,
        "io_overhead": 2.3573999999999984
      }
    },
    "mpi": {
      "2": {
        "detection": 2.736,
        "linking": 17.1643,
        "export": 1.714,
        "total": 22.2199,
        "wall": 29.37447166442871,
        "io_overhead": 0.6055999999999977
      },
      "4": {
        "detection": 2.8177,
        "linking": 17.6372,
        "export": 1.7642,
        "total": 22.8905,
        "wall": 32.228761196136475,
        "io_overhead": 0.6714000000000009
      },
      "8": {
        "detection": 3.2883999999999998,
        "linking": 18.0365,
        "export": 1.8703,
        "total": 23.8634,
        "wall": 32.89921307563782,
        "io_overhead": 0.668199999999999
      }
    }
  }
}